Country,Happiness Rank,Happiness Score,Economy (GDP per Capita),Health (Life Expectancy),Freedom,Trust (Government Corruption),Generosity,year,id
Afghanistan,153,3.575,0.31982,0.30335,0.23414,0.09719,0.3651,2015,4
Afghanistan,154,3.36,0.38227,0.17344,0.1643,0.07112,0.31268,2016,4
Afghanistan,141,3.79399991,0.401477218,0.180746779,0.10617952,0.06115783,0.311870933,2017,4
Afghanistan,145,3.632,0.332,0.255,0.085,0.036,0.191,2018,4
Afghanistan,154,3.203,0.35,0.361,0,0.025,0.158,2019,4
Albania,95,4.959,0.87867,0.81325,0.35733,0.06413,0.14272,2015,8
Albania,109,4.655,0.9553,0.73007,0.31866,0.05301,0.1684,2016,8
Albania,109,4.644000053,0.996192753,0.731159747,0.381498635,0.039864216,0.201312944,2017,8
Albania,112,4.586,0.916,0.79,0.419,0.032,0.149,2018,8
Albania,107,4.719,0.947,0.874,0.383,0.027,0.178,2019,8
Algeria,68,5.605,0.93929,0.61766,0.28579,0.17383,0.07822,2015,12
Algeria,38,6.355,1.05266,0.61804,0.21006,0.16157,0.07044,2016,12
Algeria,53,5.872000217,1.091864467,0.617584646,0.233335808,0.14609611,0.069436647,2017,12
Algeria,84,5.295,0.979,0.687,0.077,0.135,0.055,2018,12
Algeria,88,5.211,1.002,0.785,0.086,0.114,0.073,2019,12
American Samoa (United States),,,,,,,,2015,16
American Samoa (United States),,,,,,,,2016,16
American Samoa (United States),,,,,,,,2017,16
American Samoa (United States),,,,,,,,2018,16
American Samoa (United States),,,,,,,,2019,16
Andorra,,,,,,,,2015,20
Andorra,,,,,,,,2016,20
Andorra,,,,,,,,2017,20
Andorra,,,,,,,,2018,20
Andorra,,,,,,,,2019,20
Angola,137,4.033,0.75778,0.16683,0.10384,0.07122,0.12344,2015,24
Angola,141,3.866,0.84731,0.04991,0.00589,0.08434,0.12071,2016,24
Angola,140,3.795000076,0.85842818,0.049868666,0,0.069720335,0.09792649,2017,24
Angola,142,3.795,0.73,0.269,0,0.061,0.079,2018,24
Angola,,,,,,,,2019,24
Anguilla (United Kingdom),,,,,,,,2015,660
Anguilla (United Kingdom),,,,,,,,2016,660
Anguilla (United Kingdom),,,,,,,,2017,660
Anguilla (United Kingdom),,,,,,,,2018,660
Anguilla (United Kingdom),,,,,,,,2019,660
Antigua and Barbuda,,,,,,,,2015,28
Antigua and Barbuda,,,,,,,,2016,28
Antigua and Barbuda,,,,,,,,2017,28
Antigua and Barbuda,,,,,,,,2018,28
Antigua and Barbuda,,,,,,,,2019,28
Argentina,30,6.574,1.05351,0.78723,0.44974,0.08484,0.11451,2015,32
Argentina,26,6.65,1.15137,0.69711,0.42284,0.07296,0.10989,2016,32
Argentina,24,6.598999977,1.185295463,0.695137084,0.494519204,0.059739888,0.109457061,2017,32
Argentina,29,6.388,1.073,0.744,0.57,0.054,0.062,2018,32
Argentina,47,6.086,1.092,0.881,0.471,0.05,0.066,2019,32
Armenia,127,4.35,0.76821,0.7299,0.19847,0.039,0.07855,2015,51
Armenia,121,4.36,0.86086,0.64083,0.14037,0.03616,0.07793,2016,51
Armenia,121,4.375999928,0.900596738,0.637524426,0.198303267,0.026674422,0.083488092,2017,51
Armenia,129,4.321,0.816,0.666,0.26,0.028,0.077,2018,51
Armenia,116,4.559,0.85,0.815,0.283,0.064,0.095,2019,51
Aruba (Netherlands),,,,,,,,2015,533
Aruba (Netherlands),,,,,,,,2016,533
Aruba (Netherlands),,,,,,,,2017,533
Aruba (Netherlands),,,,,,,,2018,533
Aruba (Netherlands),,,,,,,,2019,533
Australia[g],,,,,,,,2015,36
Australia[g],,,,,,,,2016,36
Australia[g],,,,,,,,2017,36
Australia[g],,,,,,,,2018,36
Australia[g],,,,,,,,2019,36
Austria,13,7.2,1.33723,0.89042,0.62433,0.18676,0.33088,2015,40
Austria,12,7.119,1.45038,0.80565,0.54355,0.21348,0.32865,2016,40
Austria,13,7.006000042,1.487097263,0.815328419,0.56776619,0.221060365,0.316472322,2017,40
Austria,12,7.139,1.341,0.891,0.617,0.224,0.242,2018,40
Austria,10,7.246,1.376,1.016,0.532,0.226,0.244,2019,40
Azerbaijan[k],,,,,,,,2015,31
Azerbaijan[k],,,,,,,,2016,31
Azerbaijan[k],,,,,,,,2017,31
Azerbaijan[k],,,,,,,,2018,31
Azerbaijan[k],,,,,,,,2019,31
Bahamas,,,,,,,,2015,44
Bahamas,,,,,,,,2016,44
Bahamas,,,,,,,,2017,44
Bahamas,,,,,,,,2018,44
Bahamas,,,,,,,,2019,44
Bahrain,49,5.96,1.32376,0.74716,0.45492,0.306,0.17362,2015,48
Bahrain,42,6.218,1.44024,0.65696,0.47375,0.25772,0.17147,2016,48
Bahrain,41,6.086999893,1.488412261,0.653133035,0.536746919,0.25704217,0.172668487,2017,48
Bahrain,43,6.105,1.338,0.698,0.594,0.123,0.243,2018,48
Bahrain,37,6.199,1.362,0.871,0.536,0.11,0.255,2019,48
Bangladesh,109,4.694,0.39753,0.60164,0.4082,0.12569,0.21222,2015,50
Bangladesh,110,4.643,0.54177,0.52989,0.39778,0.12583,0.19132,2016,50
Bangladesh,110,4.607999802,0.586682975,0.533241034,0.478356659,0.123717859,0.172255352,2017,50
Bangladesh,115,4.5,0.532,0.579,0.58,0.144,0.153,2018,50
Bangladesh,125,4.456,0.562,0.723,0.527,0.143,0.166,2019,50
Barbados,,,,,,,,2015,52
Barbados,,,,,,,,2016,52
Barbados,,,,,,,,2017,52
Barbados,,,,,,,,2018,52
Barbados,,,,,,,,2019,52
Belarus,59,5.813,1.03192,0.73608,0.37938,0.1909,0.11046,2015,112
Belarus,61,5.802,1.13062,0.63104,0.29091,0.17457,0.13942,2016,112
Belarus,67,5.568999767,1.15655756,0.637714267,0.295400262,0.156313822,0.155137509,2017,112
Belarus,73,5.483,1.039,0.7,0.307,0.154,0.101,2018,112
Belarus,81,5.323,1.067,0.789,0.235,0.142,0.094,2019,112
Belgium,19,6.937,1.30782,0.89667,0.5845,0.2254,0.2225,2015,56
Belgium,18,6.929,1.42539,0.81959,0.51354,0.26248,0.2424,2016,56
Belgium,17,6.890999794,1.463780761,0.818091869,0.539770722,0.251343131,0.231503338,2017,56
Belgium,16,6.927,1.324,0.894,0.583,0.24,0.188,2018,56
Belgium,18,6.923,1.356,0.986,0.473,0.21,0.16,2019,56
Belize,,,,,,,,2015,84
Belize,52,5.956,0.87616,0.45569,0.51231,0.10771,0.23684,2016,84
Belize,50,5.955999851,0.907975316,0.450191766,0.547509372,0.096581072,0.240015641,2017,84
Belize,49,5.956,0.807,0.474,0.593,0.089,0.183,2018,84
Belize,,,,,,,,2019,84
Benin,155,3.34,0.28665,0.3191,0.4845,0.0801,0.1826,2015,204
Benin,153,3.484,0.39499,0.21028,0.39747,0.06681,0.2018,2016,204
Benin,143,3.657000065,0.431085408,0.209930211,0.425962776,0.060929015,0.207948461,2017,204
Benin,136,4.141,0.378,0.24,0.44,0.067,0.163,2018,204
Benin,102,4.883,0.393,0.397,0.349,0.082,0.175,2019,204
Bermuda (United Kingdom),,,,,,,,2015,60
Bermuda (United Kingdom),,,,,,,,2016,60
Bermuda (United Kingdom),,,,,,,,2017,60
Bermuda (United Kingdom),,,,,,,,2018,60
Bermuda (United Kingdom),,,,,,,,2019,60
Bhutan,79,5.253,0.77042,0.57407,0.53206,0.15445,0.47998,2015,64
Bhutan,84,5.196,0.8527,0.49759,0.46074,0.1616,0.48546,2016,64
Bhutan,97,5.011000156,0.885416389,0.495879292,0.501537681,0.17338039,0.474054545,2017,64
Bhutan,97,5.082,0.796,0.527,0.541,0.171,0.364,2018,64
Bhutan,95,5.082,0.813,0.604,0.457,0.167,0.37,2019,64
Bolivia,51,5.89,0.68133,0.5392,0.57414,0.088,0.20536,2015,68
Bolivia,59,5.822,0.79422,0.4697,0.50961,0.07746,0.21698,2016,68
Bolivia,58,5.822999954,0.833756566,0.47363025,0.558732927,0.060477726,0.225560725,2017,68
Bolivia,62,5.752,0.751,0.508,0.606,0.054,0.141,2018,68
Bolivia,61,5.779,0.776,0.706,0.511,0.064,0.137,2019,68
Bosnia and Herzegovina,96,4.949,0.83223,0.79081,0.09245,0.00227,0.24808,2015,70
Bosnia and Herzegovina,87,5.163,0.93383,0.70766,0.09511,0,0.29889,2016,70
Bosnia and Herzegovina,90,5.18200016,0.982409418,0.705186307,0.204403177,0,0.328867495,2017,70
Bosnia and Herzegovina,93,5.129,0.915,0.758,0.28,0,0.216,2018,70
Bosnia and Herzegovina,78,5.386,0.945,0.845,0.212,0.006,0.263,2019,70
Botswana,128,4.332,0.99355,0.04776,0.49495,0.12474,0.10461,2015,72
Botswana,137,3.974,1.09426,0.34752,0.44089,0.10769,0.12425,2016,72
Botswana,142,3.766000032,1.122094154,0.341755509,0.505196333,0.098583199,0.099348448,2017,72
Botswana,146,3.59,1.017,0.417,0.557,0.092,0.042,2018,72
Botswana,148,3.488,1.041,0.538,0.455,0.1,0.025,2019,72
Brazil,16,6.983,0.98124,0.69702,0.49049,0.17521,0.14574,2015,76
Brazil,17,6.952,1.08754,0.61415,0.40425,0.14166,0.15776,2016,76
Brazil,22,6.635000229,1.10735321,0.616552353,0.437453747,0.111092761,0.162349895,2017,76
Brazil,28,6.419,0.986,0.675,0.493,0.088,0.11,2018,76
Brazil,32,6.3,1.004,0.802,0.39,0.086,0.099,2019,76
British Virgin Islands (United Kingdom),,,,,,,,2015,92
British Virgin Islands (United Kingdom),,,,,,,,2016,92
British Virgin Islands (United Kingdom),,,,,,,,2017,92
British Virgin Islands (United Kingdom),,,,,,,,2018,92
British Virgin Islands (United Kingdom),,,,,,,,2019,92
Brunei,,,,,,,,2015,96
Brunei,,,,,,,,2016,96
Brunei,,,,,,,,2017,96
Brunei,,,,,,,,2018,96
Brunei,,,,,,,,2019,96
Bulgaria,134,4.218,1.01216,0.76649,0.30587,0.00872,0.11921,2015,100
Bulgaria,129,4.217,1.11306,0.67806,0.21219,0.00615,0.12793,2016,100
Bulgaria,105,4.714000225,1.161459088,0.70821768,0.289231718,0.011051531,0.113177694,2017,100
Bulgaria,100,4.933,1.054,0.712,0.359,0.009,0.064,2018,100
Bulgaria,97,5.011,1.092,0.815,0.311,0.004,0.081,2019,100
Burkina Faso,152,3.587,0.25812,0.27125,0.39493,0.12832,0.21747,2015,854
Burkina Faso,145,3.739,0.31995,0.21297,0.3337,0.12533,0.24353,2016,854
Burkina Faso,134,4.032000065,0.350227714,0.215844259,0.324367851,0.120328106,0.250864685,2017,854
Burkina Faso,121,4.424,0.314,0.254,0.312,0.128,0.175,2018,854
Burkina Faso,115,4.587,0.331,0.38,0.255,0.113,0.177,2019,854
Burundi,157,2.905,0.0153,0.22396,0.1185,0.10062,0.19727,2015,108
Burundi,157,2.905,0.06831,0.15747,0.0432,0.09419,0.2029,2016,108
Burundi,154,2.904999971,0.091622569,0.151610792,0.059900753,0.084147945,0.204435185,2017,108
Burundi,156,2.905,0.091,0.145,0.065,0.076,0.149,2018,108
Burundi,145,3.775,0.046,0.38,0.22,0.18,0.176,2019,108
Cambodia,145,3.819,0.46038,0.61114,0.66246,0.07247,0.40359,2015,116
Cambodia,140,3.907,0.55604,0.42494,0.58852,0.08092,0.40339,2016,116
Cambodia,129,4.168000221,0.601765096,0.429783404,0.633375823,0.068105951,0.385922968,2017,116
Cambodia,120,4.433,0.549,0.457,0.696,0.065,0.256,2018,116
Cambodia,109,4.7,0.574,0.637,0.609,0.062,0.232,2019,116
Cameroon,133,4.252,0.4225,0.23402,0.49309,0.05786,0.20618,2015,120
Cameroon,114,4.513,0.52497,0.12698,0.42736,0.06126,0.2268,2016,120
Cameroon,107,4.695000172,0.564305365,0.132892117,0.430388749,0.051306631,0.236298457,2017,120
Cameroon,99,4.975,0.535,0.182,0.454,0.043,0.183,2018,120
Cameroon,96,5.044,0.549,0.331,0.381,0.037,0.187,2019,120
Canada,5,7.427,1.32629,0.90563,0.63297,0.32957,0.45811,2015,124
Canada,6,7.404,1.44015,0.8276,0.5737,0.31329,0.44834,2016,124
Canada,7,7.315999985,1.479204416,0.834557652,0.611100912,0.287371516,0.435539722,2017,124
Canada,7,7.328,1.33,0.896,0.653,0.291,0.321,2018,124
Canada,9,7.278,1.365,1.039,0.584,0.308,0.285,2019,124
Cape Verde,,,,,,,,2015,132
Cape Verde,,,,,,,,2016,132
Cape Verde,,,,,,,,2017,132
Cape Verde,,,,,,,,2018,132
Cape Verde,,,,,,,,2019,132
Cayman Islands (United Kingdom),,,,,,,,2015,136
Cayman Islands (United Kingdom),,,,,,,,2016,136
Cayman Islands (United Kingdom),,,,,,,,2017,136
Cayman Islands (United Kingdom),,,,,,,,2018,136
Cayman Islands (United Kingdom),,,,,,,,2019,136
Central African Republic,148,3.678,0.0785,0.06699,0.48879,0.08289,0.23835,2015,140
Central African Republic,,,,,,,,2016,140
Central African Republic,155,2.693000078,0,0.018772686,0.270842046,0.056565076,0.280876487,2017,140
Central African Republic,155,3.083,0.024,0.01,0.305,0.038,0.218,2018,140
Central African Republic,155,3.083,0.026,0.105,0.225,0.035,0.235,2019,140
Chad,149,3.667,0.34193,0.1501,0.23501,0.05269,0.18386,2015,148
Chad,144,3.763,0.42214,0.03824,0.12807,0.04952,0.18667,2016,148
Chad,137,3.936000109,0.438012987,0.041134715,0.162342027,0.053581882,0.21611385,2017,148
Chad,131,4.301,0.358,0.053,0.189,0.06,0.181,2018,148
Chad,132,4.35,0.35,0.192,0.174,0.078,0.198,2019,148
Chile,27,6.67,1.10715,0.85857,0.44132,0.12869,0.33363,2015,152
Chile,24,6.705,1.2167,0.81883,0.37789,0.11451,0.31595,2016,152
Chile,20,6.65199995,1.25278461,0.819479704,0.376895279,0.082287982,0.326662421,2017,152
Chile,25,6.476,1.131,0.808,0.431,0.061,0.197,2018,152
Chile,26,6.444,1.159,0.92,0.357,0.056,0.187,2019,152
China[a],,,,,,,,2015,156
China[a],,,,,,,,2016,156
China[a],,,,,,,,2017,156
China[a],,,,,,,,2018,156
China[a],,,,,,,,2019,156
Colombia,33,6.477,0.91861,0.69077,0.53466,0.0512,0.18401,2015,170
Colombia,31,6.481,1.03032,0.59659,0.44735,0.05399,0.15626,2016,170
Colombia,36,6.356999874,1.070622325,0.595027924,0.477487415,0.046668742,0.149014473,2017,170
Colombia,37,6.26,0.96,0.635,0.531,0.039,0.099,2018,170
Colombia,43,6.125,0.985,0.841,0.47,0.034,0.099,2019,170
Comoros,140,3.956,0.23906,0.36315,0.22917,0.199,0.17441,2015,174
Comoros,138,3.956,0.27509,0.29981,0.15412,0.18437,0.1827,2016,174
Comoros,,,,,,,,2017,174
Comoros,,,,,,,,2018,174
Comoros,142,3.973,0.274,0.505,0.142,0.078,0.275,2019,174
Congo,,,,,,,,2015,178
Congo,,,,,,,,2016,178
Congo,,,,,,,,2017,178
Congo,,,,,,,,2018,178
Congo,,,,,,,,2019,178
Cook Islands (New Zealand),,,,,,,,2015,184
Cook Islands (New Zealand),,,,,,,,2016,184
Cook Islands (New Zealand),,,,,,,,2017,184
Cook Islands (New Zealand),,,,,,,,2018,184
Cook Islands (New Zealand),,,,,,,,2019,184
Costa Rica,12,7.226,0.95578,0.86027,0.63376,0.10583,0.25497,2015,188
Costa Rica,14,7.087,1.06879,0.76146,0.55225,0.10547,0.22553,2016,188
Costa Rica,12,7.078999996,1.109706283,0.759509265,0.58013165,0.100106589,0.214613229,2017,188
Costa Rica,13,7.072,1.01,0.817,0.632,0.101,0.143,2018,188
Costa Rica,12,7.167,1.034,0.963,0.558,0.093,0.144,2019,188
Croatia,62,5.759,1.08254,0.78805,0.25883,0.0243,0.05444,2015,191
Croatia,74,5.488,1.18649,0.70524,0.23907,0.04002,0.18434,2016,191
Croatia,77,5.293000221,1.222556233,0.701288521,0.255772293,0.04310311,0.248002976,2017,191
Croatia,82,5.321,1.115,0.737,0.38,0.039,0.12,2018,191
Croatia,75,5.432,1.155,0.914,0.296,0.022,0.119,2019,191
Cuba,,,,,,,,2015,192
Cuba,,,,,,,,2016,192
Cuba,,,,,,,,2017,192
Cuba,,,,,,,,2018,192
Cuba,,,,,,,,2019,192
Curaçao (Netherlands),,,,,,,,2015,531
Curaçao (Netherlands),,,,,,,,2016,531
Curaçao (Netherlands),,,,,,,,2017,531
Curaçao (Netherlands),,,,,,,,2018,531
Curaçao (Netherlands),,,,,,,,2019,531
Cyprus[t],,,,,,,,2015,196
Cyprus[t],,,,,,,,2016,196
Cyprus[t],,,,,,,,2017,196
Cyprus[t],,,,,,,,2018,196
Cyprus[t],,,,,,,,2019,196
Czech Republic,31,6.505,1.17898,0.84483,0.46364,0.02652,0.10686,2015,203
Czech Republic,27,6.596,1.30915,0.76376,0.41418,0.03986,0.09929,2016,203
Czech Republic,23,6.609000206,1.352682352,0.754444003,0.490946174,0.036872927,0.088106759,2017,203
Czech Republic,21,6.711,1.233,0.854,0.543,0.034,0.064,2018,203
Czech Republic,20,6.852,1.269,0.92,0.457,0.036,0.046,2019,203
Denmark,3,7.527,1.32548,0.87464,0.64938,0.48357,0.34139,2015,208
Denmark,1,7.526,1.44178,0.79504,0.57941,0.44453,0.36171,2016,208
Denmark,2,7.521999836,1.482383013,0.792565525,0.626006722,0.400770068,0.355280489,2017,208
Denmark,3,7.555,1.351,0.868,0.683,0.408,0.284,2018,208
Denmark,2,7.6,1.383,0.996,0.592,0.41,0.252,2019,208
Djibouti,126,4.369,0.44025,0.36291,0.46074,0.28105,0.18093,2015,262
Djibouti,,,,,,,,2016,262
Djibouti,,,,,,,,2017,262
Djibouti,,,,,,,,2018,262
Djibouti,,,,,,,,2019,262
Dominica,,,,,,,,2015,212
Dominica,,,,,,,,2016,212
Dominica,,,,,,,,2017,212
Dominica,,,,,,,,2018,212
Dominica,,,,,,,,2019,212
Dominican Republic,98,4.885,0.89537,0.66825,0.57672,0.14234,0.21684,2015,214
Dominican Republic,89,5.155,1.02787,0.57669,0.52259,0.12372,0.21286,2016,214
Dominican Republic,86,5.230000019,1.079373837,0.574873745,0.552589834,0.113945253,0.18696785,2017,214
Dominican Republic,83,5.302,0.982,0.614,0.578,0.106,0.12,2018,214
Dominican Republic,77,5.425,1.015,0.779,0.497,0.101,0.113,2019,214
DR Congo,,,,,,,,2015,180
DR Congo,,,,,,,,2016,180
DR Congo,,,,,,,,2017,180
DR Congo,,,,,,,,2018,180
DR Congo,,,,,,,,2019,180
East Timor,,,,,,,,2015,626
East Timor,,,,,,,,2016,626
East Timor,,,,,,,,2017,626
East Timor,,,,,,,,2018,626
East Timor,,,,,,,,2019,626
Ecuador,48,5.975,0.86402,0.79075,0.48574,0.1809,0.11541,2015,218
Ecuador,51,5.976,0.97306,0.68613,0.4027,0.18037,0.10074,2016,218
Ecuador,44,6.007999897,1.000820398,0.685636222,0.455198199,0.140134647,0.150112465,2017,218
Ecuador,48,5.973,0.889,0.736,0.556,0.12,0.114,2018,218
Ecuador,50,6.028,0.912,0.868,0.498,0.087,0.126,2019,218
Egypt,135,4.194,0.8818,0.61712,0.17288,0.06324,0.11291,2015,818
Egypt,120,4.362,0.95395,0.52116,0.18847,0.10393,0.12706,2016,818
Egypt,104,4.735000134,0.989701807,0.520187259,0.282110155,0.114381365,0.128631443,2017,818
Egypt,122,4.419,0.885,0.553,0.312,0.107,0.092,2018,818
Egypt,137,4.166,0.913,0.644,0.241,0.067,0.076,2019,818
El Salvador,42,6.13,0.76454,0.67737,0.4035,0.11776,0.10692,2015,222
El Salvador,46,6.068,0.8737,0.596,0.37269,0.10613,0.08877,2016,222
El Salvador,45,6.002999783,0.909784496,0.596018553,0.43245253,0.08998096,0.078257985,2017,222
El Salvador,40,6.167,0.806,0.639,0.461,0.082,0.065,2018,222
El Salvador,35,6.253,0.794,0.789,0.43,0.074,0.093,2019,222
Equatorial Guinea,,,,,,,,2015,226
Equatorial Guinea,,,,,,,,2016,226
Equatorial Guinea,,,,,,,,2017,226
Equatorial Guinea,,,,,,,,2018,226
Equatorial Guinea,,,,,,,,2019,226
Eritrea,,,,,,,,2015,232
Eritrea,,,,,,,,2016,232
Eritrea,,,,,,,,2017,232
Eritrea,,,,,,,,2018,232
Eritrea,,,,,,,,2019,232
Estonia,73,5.429,1.15174,0.77361,0.44888,0.15184,0.0868,2015,233
Estonia,72,5.517,1.27964,0.68098,0.41511,0.18519,0.08423,2016,233
Estonia,66,5.611000061,1.32087934,0.695168316,0.47913143,0.183248922,0.098890811,2017,233
Estonia,63,5.739,1.2,0.737,0.553,0.174,0.086,2018,233
Estonia,55,5.893,1.237,0.874,0.495,0.161,0.103,2019,233
Eswatini,,,,,,,,2015,748
Eswatini,,,,,,,,2016,748
Eswatini,,,,,,,,2017,748
Eswatini,,,,,,,,2018,748
Eswatini,,,,,,,,2019,748
Ethiopia,122,4.512,0.19073,0.44055,0.4345,0.15048,0.24325,2015,231
Ethiopia,115,4.508,0.29283,0.34578,0.36703,0.1717,0.29522,2016,231
Ethiopia,119,4.460000038,0.339233845,0.353409708,0.408842742,0.165455714,0.31265074,2017,231
Ethiopia,127,4.35,0.308,0.391,0.452,0.146,0.22,2018,231
Ethiopia,134,4.286,0.336,0.532,0.344,0.1,0.209,2019,231
F.S. Micronesia,,,,,,,,2015,583
F.S. Micronesia,,,,,,,,2016,583
F.S. Micronesia,,,,,,,,2017,583
F.S. Micronesia,,,,,,,,2018,583
F.S. Micronesia,,,,,,,,2019,583
Fiji,,,,,,,,2015,242
Fiji,,,,,,,,2016,242
Fiji,,,,,,,,2017,242
Fiji,,,,,,,,2018,242
Fiji,,,,,,,,2019,242
Finland[n],,,,,,,,2015,246
Finland[n],,,,,,,,2016,246
Finland[n],,,,,,,,2017,246
Finland[n],,,,,,,,2018,246
Finland[n],,,,,,,,2019,246
France[b],,,,,,,,2015,250
France[b],,,,,,,,2016,250
France[b],,,,,,,,2017,250
France[b],,,,,,,,2018,250
France[b],,,,,,,,2019,250
French Polynesia (France),,,,,,,,2015,258
French Polynesia (France),,,,,,,,2016,258
French Polynesia (France),,,,,,,,2017,258
French Polynesia (France),,,,,,,,2018,258
French Polynesia (France),,,,,,,,2019,258
Gabon,143,3.896,1.06024,0.43372,0.31914,0.11091,0.06822,2015,266
Gabon,134,4.121,1.15851,0.3494,0.28098,0.09314,0.06244,2016,266
Gabon,118,4.465000153,1.198210239,0.356578588,0.312328577,0.076046787,0.043785378,2017,266
Gabon,103,4.758,1.036,0.404,0.356,0.052,0.032,2018,266
Gabon,104,4.799,1.057,0.571,0.295,0.055,0.043,2019,266
Gambia,,,,,,,,2015,270
Gambia,,,,,,,,2016,270
Gambia,,,,,,,,2017,270
Gambia,,,,,,,,2018,270
Gambia,120,4.516,0.308,0.428,0.382,0.167,0.269,2019,270
Georgia[r],,,,,,,,2015,268
Georgia[r],,,,,,,,2016,268
Georgia[r],,,,,,,,2017,268
Georgia[r],,,,,,,,2018,268
Georgia[r],,,,,,,,2019,268
Germany,26,6.75,1.32792,0.89186,0.61477,0.21843,0.28214,2015,276
Germany,16,6.994,1.44787,0.81487,0.53466,0.28551,0.30452,2016,276
Germany,16,6.951000214,1.487923384,0.798950732,0.562511384,0.276731938,0.33626917,2017,276
Germany,15,6.965,1.34,0.861,0.586,0.28,0.273,2018,276
Germany,17,6.985,1.373,0.987,0.495,0.265,0.261,2019,276
Ghana,114,4.633,0.54558,0.40132,0.42342,0.04355,0.23087,2015,288
Ghana,124,4.276,0.63107,0.29681,0.40973,0.0326,0.21203,2016,288
Ghana,131,4.119999886,0.667224824,0.295637727,0.423026294,0.02533637,0.256923944,2017,288
Ghana,108,4.657,0.592,0.337,0.499,0.029,0.212,2018,288
Ghana,98,4.996,0.611,0.486,0.381,0.04,0.245,2019,288
Greece,102,4.857,1.15406,0.88213,0.07699,0.01397,0,2015,300
Greece,99,5.033,1.24886,0.80029,0.05822,0.04127,0,2016,300
Greece,87,5.227000237,1.289487481,0.810198903,0.095731251,0.043289777,0,2017,300
Greece,79,5.358,1.154,0.879,0.131,0.044,0,2018,300
Greece,82,5.287,1.181,0.999,0.067,0.034,0,2019,300
Greenland (Denmark),,,,,,,,2015,304
Greenland (Denmark),,,,,,,,2016,304
Greenland (Denmark),,,,,,,,2017,304
Greenland (Denmark),,,,,,,,2018,304
Greenland (Denmark),,,,,,,,2019,304
Grenada,,,,,,,,2015,308
Grenada,,,,,,,,2016,308
Grenada,,,,,,,,2017,308
Grenada,,,,,,,,2018,308
Grenada,,,,,,,,2019,308
Guatemala,43,6.123,0.74553,0.64425,0.57733,0.09472,0.27489,2015,320
Guatemala,39,6.324,0.83454,0.54039,0.50379,0.08701,0.28808,2016,320
Guatemala,29,6.453999996,0.872001946,0.54023999,0.531310618,0.077223279,0.283488393,2017,320
Guatemala,30,6.382,0.781,0.608,0.604,0.071,0.179,2018,320
Guatemala,27,6.436,0.8,0.746,0.535,0.078,0.175,2019,320
Guinea,150,3.656,0.17417,0.24009,0.37725,0.12139,0.28657,2015,324
Guinea,151,3.607,0.22415,0.18829,0.30953,0.1192,0.29914,2016,324
Guinea,149,3.506999969,0.24454993,0.194129139,0.348587513,0.110937618,0.264815092,2017,324
Guinea,140,3.964,0.344,0.211,0.394,0.094,0.185,2018,324
Guinea,118,4.534,0.38,0.375,0.332,0.086,0.207,2019,324
Guinea-Bissau,,,,,,,,2015,624
Guinea-Bissau,,,,,,,,2016,624
Guinea-Bissau,,,,,,,,2017,624
Guinea-Bissau,,,,,,,,2018,624
Guinea-Bissau,,,,,,,,2019,624
Guyana,,,,,,,,2015,328
Guyana,,,,,,,,2016,328
Guyana,,,,,,,,2017,328
Guyana,,,,,,,,2018,328
Guyana,,,,,,,,2019,328
Haiti,119,4.518,0.26673,0.38847,0.24425,0.17175,0.46187,2015,332
Haiti,136,4.028,0.34097,0.27494,0.12072,0.14476,0.47958,2016,332
Haiti,145,3.602999926,0.368610263,0.27732113,0.030369857,0.09987215,0.489203781,2017,332
Haiti,148,3.582,0.315,0.289,0.025,0.104,0.392,2018,332
Haiti,147,3.597,0.323,0.449,0.026,0.11,0.419,2019,332
Honduras,105,4.788,0.59532,0.6951,0.40148,0.06825,0.23027,2015,340
Honduras,104,4.871,0.69429,0.58383,0.26755,0.06906,0.2044,2016,340
Honduras,91,5.181000233,0.730573118,0.58256948,0.34807986,0.073345453,0.236188874,2017,340
Honduras,72,5.504,0.62,0.622,0.459,0.074,0.197,2018,340
Honduras,59,5.86,0.642,0.828,0.507,0.078,0.246,2019,340
Hong Kong (China)[m],,,,,,,,2015,344
Hong Kong (China)[m],,,,,,,,2016,344
Hong Kong (China)[m],,,,,,,,2017,344
Hong Kong (China)[m],,,,,,,,2018,344
Hong Kong (China)[m],,,,,,,,2019,344
Hungary,104,4.8,1.12094,0.75905,0.32112,0.02758,0.128,2015,348
Hungary,91,5.145,1.24142,0.67608,0.1977,0.04472,0.099,2016,348
Hungary,75,5.323999882,1.286011934,0.687763453,0.175863519,0.036636937,0.078401662,2017,348
Hungary,69,5.62,1.171,0.732,0.259,0.022,0.061,2018,348
Hungary,62,5.758,1.201,0.828,0.199,0.02,0.081,2019,348
Iceland,2,7.561,1.30232,0.94784,0.62877,0.14145,0.4363,2015,352
Iceland,3,7.501,1.42666,0.86733,0.56624,0.14975,0.47678,2016,352
Iceland,3,7.504000187,1.48063302,0.833552122,0.627162635,0.153526559,0.475540221,2017,352
Iceland,4,7.495,1.343,0.914,0.677,0.138,0.353,2018,352
Iceland,4,7.494,1.38,1.026,0.591,0.118,0.354,2019,352
India,117,4.565,0.64499,0.51529,0.39786,0.08492,0.26475,2015,356
India,118,4.404,0.74036,0.45091,0.40285,0.08722,0.25028,2016,356
India,122,4.315000057,0.792221248,0.455427617,0.469987005,0.092226885,0.231538489,2017,356
India,133,4.19,0.721,0.485,0.539,0.093,0.172,2018,356
India,140,4.015,0.755,0.588,0.498,0.085,0.2,2019,356
Indonesia,74,5.399,0.82827,0.63793,0.46611,0,0.51535,2015,360
Indonesia,79,5.314,0.95104,0.49374,0.39237,0.00322,0.56521,2016,360
Indonesia,81,5.262000084,0.995538592,0.492345721,0.443323463,0.015317135,0.611704588,2017,360
Indonesia,96,5.093,0.899,0.522,0.538,0.018,0.484,2018,360
Indonesia,92,5.192,0.931,0.66,0.491,0.028,0.498,2019,360
Iran,110,4.686,1.0088,0.69805,0.30033,0.05863,0.38086,2015,364
Iran,105,4.813,1.11758,0.64232,0.22544,0.0557,0.38538,2016,364
Iran,108,4.691999912,1.156873107,0.639333189,0.249322608,0.048761073,0.387242913,2017,364
Iran,106,4.707,1.059,0.691,0.459,0.129,0.282,2018,364
Iran,117,4.548,1.1,0.785,0.305,0.125,0.27,2019,364
Iraq,112,4.677,0.98549,0.60237,0,0.13788,0.17922,2015,368
Iraq,112,4.575,1.07474,0.51076,0.24856,0.13636,0.19589,2016,368
Iraq,117,4.497000217,1.102710485,0.50118047,0.288555533,0.107215755,0.199637264,2017,368
Iraq,117,4.456,1.01,0.536,0.304,0.095,0.148,2018,368
Iraq,126,4.437,1.043,0.574,0.241,0.089,0.148,2019,368
Ireland,18,6.94,1.33596,0.89533,0.61777,0.28703,0.45901,2015,372
Ireland,19,6.907,1.48341,0.81455,0.54008,0.29754,0.44963,2016,372
Ireland,15,6.977000237,1.535706639,0.809782624,0.573110342,0.298388153,0.427858323,2017,372
Ireland,14,6.977,1.448,0.876,0.614,0.306,0.307,2018,372
Ireland,16,7.021,1.499,0.999,0.516,0.31,0.298,2019,372
Israel,11,7.278,1.22857,0.91387,0.41319,0.07785,0.33172,2015,376
Israel,11,7.267,1.33766,0.84917,0.36432,0.08728,0.32288,2016,376
Israel,11,7.212999821,1.375382423,0.838404,0.405988604,0.0852421,0.330082655,2017,376
Israel,19,6.814,1.301,0.883,0.533,0.272,0.354,2018,376
Israel,13,7.139,1.276,1.029,0.371,0.082,0.261,2019,376
Italy,50,5.948,1.25114,0.95446,0.26236,0.02901,0.22823,2015,380
Italy,50,5.977,1.35495,0.85102,0.18827,0.02556,0.16684,2016,380
Italy,48,5.964000225,1.395066619,0.853144348,0.256450713,0.028028091,0.172789648,2017,380
Italy,47,6,1.264,0.946,0.281,0.028,0.137,2018,380
Italy,36,6.223,1.294,1.039,0.231,0.03,0.158,2019,380
Ivory Coast,151,3.655,0.46534,0.15185,0.46866,0.17922,0.20165,2015,384
Ivory Coast,139,3.916,0.55507,0.04476,0.40663,0.1553,0.20338,2016,384
Ivory Coast,128,4.179999828,0.603048921,0.04864217,0.447706193,0.130061775,0.20123747,2017,384
Ivory Coast,107,4.671,0.541,0.08,0.467,0.103,0.146,2018,384
Ivory Coast,99,4.944,0.569,0.232,0.352,0.09,0.154,2019,384
Jamaica,65,5.709,0.81038,0.68741,0.50442,0.02299,0.2123,2015,388
Jamaica,73,5.51,0.89333,0.59469,0.43597,0.04294,0.22245,2016,388
Jamaica,76,5.31099987,0.925579309,0.641022384,0.474307239,0.055267781,0.233818337,2017,388
Jamaica,56,5.89,0.819,0.693,0.575,0.031,0.096,2018,388
Jamaica,56,5.89,0.831,0.831,0.49,0.028,0.107,2019,388
Japan,46,5.987,1.27074,0.99111,0.49615,0.1806,0.10705,2015,392
Japan,53,5.921,1.38007,0.91491,0.46761,0.18985,0.10224,2016,392
Japan,51,5.920000076,1.416915178,0.913475871,0.505625546,0.163760737,0.120572768,2017,392
Japan,54,5.915,1.294,0.988,0.553,0.15,0.079,2018,392
Japan,58,5.886,1.327,1.088,0.445,0.14,0.069,2019,392
Jordan,82,5.192,0.90198,0.69639,0.40661,0.14293,0.11053,2015,400
Jordan,80,5.303,0.99673,0.60712,0.36023,0.13297,0.14262,2016,400
Jordan,74,5.335999966,0.991012394,0.604590058,0.418421149,0.119803272,0.17217046,2017,400
Jordan,90,5.161,0.822,0.645,0.468,0.134,0.13,2018,400
Jordan,101,4.906,0.837,0.815,0.383,0.13,0.11,2019,400
Kazakhstan,54,5.855,1.12254,0.64368,0.51649,0.08454,0.11827,2015,398
Kazakhstan,54,5.919,1.22943,0.57386,0.4052,0.11132,0.15011,2016,398
Kazakhstan,60,5.818999767,1.28455627,0.606041551,0.437454283,0.119282886,0.201964423,2017,398
Kazakhstan,60,5.79,1.143,0.631,0.454,0.121,0.148,2018,398
Kazakhstan,60,5.809,1.173,0.729,0.41,0.096,0.146,2019,398
Kenya,125,4.419,0.36471,0.41435,0.42215,0.05839,0.37542,2015,404
Kenya,122,4.356,0.52267,0.30147,0.40576,0.06686,0.41328,2016,404
Kenya,112,4.552999973,0.560479462,0.30998835,0.452763766,0.064641319,0.444860309,2017,404
Kenya,124,4.41,0.493,0.454,0.504,0.055,0.352,2018,404
Kenya,121,4.509,0.512,0.581,0.431,0.053,0.372,2019,404
Kiribati,,,,,,,,2015,296
Kiribati,,,,,,,,2016,296
Kiribati,,,,,,,,2017,296
Kiribati,,,,,,,,2018,296
Kiribati,,,,,,,,2019,296
Kuwait,39,6.295,1.55422,0.72492,0.55499,0.25609,0.16228,2015,414
Kuwait,41,6.239,1.61714,0.63569,0.43166,0.23669,0.15965,2016,414
Kuwait,39,6.105000019,1.632952452,0.632105708,0.496337593,0.21515955,0.228289798,2017,414
Kuwait,45,6.083,1.474,0.675,0.554,0.106,0.167,2018,414
Kuwait,51,6.021,1.5,0.808,0.493,0.097,0.142,2019,414
Kyrgyzstan,77,5.286,0.47428,0.65088,0.43477,0.04232,0.3003,2015,417
Kyrgyzstan,85,5.185,0.56044,0.55449,0.40212,0.04762,0.38432,2016,417
Kyrgyzstan,98,5.004000187,0.596220076,0.553457797,0.454943389,0.039439179,0.428580374,2017,417
Kyrgyzstan,92,5.131,0.53,0.594,0.54,0.035,0.281,2018,417
Kyrgyzstan,86,5.261,0.551,0.723,0.508,0.023,0.3,2019,417
Laos,99,4.876,0.59066,0.54909,0.59591,0.24249,0.42192,2015,418
Laos,102,4.876,0.68042,0.38291,0.52168,0.22423,0.43079,2016,418
Laos,,,,,,,,2017,418
Laos,110,4.623,0.72,0.441,0.626,0.174,0.23,2018,418
Laos,105,4.796,0.764,0.551,0.547,0.164,0.266,2019,418
Latvia,89,5.098,1.11312,0.72437,0.29671,0.06332,0.18226,2015,428
Latvia,68,5.56,1.21788,0.63952,0.27996,0.0889,0.17445,2016,428
Latvia,54,5.849999905,1.260748625,0.638566971,0.325707912,0.073842727,0.153074786,2017,428
Latvia,53,5.933,1.148,0.671,0.363,0.066,0.092,2018,428
Latvia,53,5.94,1.187,0.812,0.264,0.064,0.075,2019,428
Lebanon,103,4.839,1.02564,0.83947,0.33916,0.04582,0.21854,2015,422
Lebanon,93,5.129,1.12268,0.76171,0.26228,0.03061,0.23693,2016,422
Lebanon,88,5.224999905,1.074987531,0.735081077,0.288515985,0.03751383,0.264450759,2017,422
Lebanon,80,5.358,0.965,0.785,0.503,0.136,0.214,2018,422
Lebanon,91,5.197,0.987,0.815,0.216,0.027,0.166,2019,422
Lesotho,97,4.898,0.37545,0.07612,0.31767,0.12504,0.16388,2015,426
Lesotho,,,,,,,,2016,426
Lesotho,139,3.808000088,0.521021247,0,0.390661299,0.11909464,0.157497272,2017,426
Lesotho,141,3.808,0.472,0.079,0.423,0.112,0.116,2018,426
Lesotho,144,3.802,0.489,0.168,0.359,0.093,0.107,2019,426
Liberia,116,4.571,0.0712,0.34201,0.28531,0.06232,0.24362,2015,430
Liberia,150,3.622,0.10706,0.23165,0.25748,0.04852,0.24063,2016,430
Liberia,148,3.532999992,0.119041793,0.229918197,0.332881182,0.038948249,0.266549885,2017,430
Liberia,149,3.495,0.076,0.267,0.419,0.03,0.206,2018,430
Liberia,141,3.975,0.073,0.443,0.37,0.033,0.233,2019,430
Libya,63,5.754,1.13145,0.7038,0.41668,0.11023,0.18295,2015,434
Libya,67,5.615,1.06688,0.52304,0.40672,0.10339,0.17087,2016,434
Libya,68,5.525000095,1.101803064,0.52016902,0.46573323,0.09261021,0.152073666,2017,434
Libya,70,5.566,0.985,0.553,0.496,0.148,0.116,2018,434
Libya,72,5.525,1.044,0.673,0.416,0.152,0.133,2019,434
Liechtenstein,,,,,,,,2015,438
Liechtenstein,,,,,,,,2016,438
Liechtenstein,,,,,,,,2017,438
Liechtenstein,,,,,,,,2018,438
Liechtenstein,,,,,,,,2019,438
Lithuania,56,5.833,1.14723,0.73128,0.21342,0.01031,0.02641,2015,440
Lithuania,60,5.813,1.2692,0.64674,0.18929,0.0182,0.02025,2016,440
Lithuania,52,5.90199995,1.314582348,0.62894994,0.234231785,0.011865643,0.010164657,2017,440
Lithuania,50,5.952,1.197,0.716,0.35,0.006,0.026,2018,440
Lithuania,42,6.149,1.238,0.818,0.291,0.042,0.043,2019,440
Luxembourg,17,6.946,1.56391,0.91894,0.61583,0.37798,0.28034,2015,442
Luxembourg,20,6.871,1.69752,0.84542,0.5487,0.35329,0.27571,2016,442
Luxembourg,18,6.862999916,1.741943598,0.845089495,0.596627891,0.318834424,0.283180982,2017,442
Luxembourg,17,6.91,1.576,0.896,0.632,0.321,0.196,2018,442
Luxembourg,14,7.09,1.609,1.012,0.526,0.316,0.194,2019,442
Macau (China)[u],,,,,,,,2015,446
Macau (China)[u],,,,,,,,2016,446
Macau (China)[u],,,,,,,,2017,446
Macau (China)[u],,,,,,,,2018,446
Macau (China)[u],,,,,,,,2019,446
Madagascar,147,3.681,0.20824,0.46721,0.19184,0.08124,0.21333,2015,450
Madagascar,148,3.695,0.27954,0.37109,0.13684,0.07506,0.2204,2016,450
Madagascar,144,3.644000053,0.305808693,0.375223309,0.189196765,0.067231975,0.20873253,2017,450
Madagascar,143,3.774,0.262,0.402,0.221,0.049,0.155,2018,450
Madagascar,143,3.933,0.274,0.555,0.148,0.041,0.169,2019,450
Malawi,131,4.292,0.01604,0.22562,0.43054,0.06977,0.33128,2015,454
Malawi,132,4.156,0.08709,0.29364,0.4143,0.07564,0.30968,2016,454
Malawi,136,3.970000029,0.233442038,0.315089583,0.466914654,0.072711654,0.28717047,2017,454
Malawi,147,3.587,0.186,0.306,0.531,0.08,0.21,2018,454
Malawi,150,3.41,0.191,0.495,0.443,0.089,0.218,2019,454
Malaysia[f],,,,,,,,2015,458
Malaysia[f],,,,,,,,2016,458
Malaysia[f],,,,,,,,2017,458
Malaysia[f],,,,,,,,2018,458
Malaysia[f],,,,,,,,2019,458
Maldives,,,,,,,,2015,462
Maldives,,,,,,,,2016,462
Maldives,,,,,,,,2017,462
Maldives,,,,,,,,2018,462
Maldives,,,,,,,,2019,462
Mali,138,3.995,0.26074,0.20583,0.38857,0.12352,0.18798,2015,466
Mali,135,4.073,0.31292,0.16347,0.27544,0.13647,0.21064,2016,466
Mali,127,4.190000057,0.476180494,0.169365674,0.306613743,0.104970247,0.183354199,2017,466
Mali,118,4.447,0.37,0.152,0.367,0.056,0.139,2018,466
Mali,128,4.39,0.385,0.308,0.327,0.052,0.153,2019,466
Malta,37,6.302,1.2074,0.88721,0.60365,0.13586,0.51752,2015,470
Malta,30,6.488,1.30782,0.80315,0.54994,0.17554,0.56237,2016,470
Malta,27,6.52699995,1.343279839,0.821944237,0.588767052,0.153066069,0.574730575,2017,470
Malta,22,6.627,1.27,0.884,0.645,0.142,0.376,2018,470
Malta,22,6.726,1.3,0.999,0.564,0.151,0.375,2019,470
Marshall Islands,,,,,,,,2015,584
Marshall Islands,,,,,,,,2016,584
Marshall Islands,,,,,,,,2017,584
Marshall Islands,,,,,,,,2018,584
Marshall Islands,,,,,,,,2019,584
Mauritania,124,4.436,0.45407,0.35874,0.24232,0.17461,0.219,2015,478
Mauritania,130,4.201,0.61391,0.28639,0.1268,0.17955,0.22686,2016,478
Mauritania,123,4.291999817,0.648457289,0.28534928,0.096098043,0.136957005,0.201870024,2017,478
Mauritania,126,4.356,0.557,0.292,0.129,0.093,0.134,2018,478
Mauritania,122,4.49,0.57,0.489,0.066,0.088,0.106,2019,478
Mauritius[s],,,,,,,,2015,480
Mauritius[s],,,,,,,,2016,480
Mauritius[s],,,,,,,,2017,480
Mauritius[s],,,,,,,,2018,480
Mauritius[s],,,,,,,,2019,480
Mexico,14,7.187,1.02054,0.81444,0.48181,0.21312,0.14074,2015,484
Mexico,21,6.778,1.11508,0.71143,0.37709,0.18355,0.11735,2016,484
Mexico,25,6.578000069,1.153183818,0.709978998,0.412730008,0.132774115,0.120990433,2017,484
Mexico,24,6.488,1.038,0.761,0.479,0.095,0.069,2018,484
Mexico,23,6.595,1.07,0.861,0.433,0.073,0.074,2019,484
Moldova[q],,,,,,,,2015,498
Moldova[q],,,,,,,,2016,498
Moldova[q],,,,,,,,2017,498
Moldova[q],,,,,,,,2018,498
Moldova[q],,,,,,,,2019,498
Monaco,,,,,,,,2015,492
Monaco,,,,,,,,2016,492
Monaco,,,,,,,,2017,492
Monaco,,,,,,,,2018,492
Monaco,,,,,,,,2019,492
Mongolia,100,4.874,0.82819,0.60268,0.43626,0.02666,0.3323,2015,496
Mongolia,101,4.907,0.98853,0.55469,0.35972,0.03285,0.34539,2016,496
Mongolia,100,4.954999924,1.027235866,0.557783484,0.394143969,0.032902289,0.33846423,2017,496
Mongolia,94,5.125,0.914,0.575,0.395,0.032,0.253,2018,496
Mongolia,83,5.285,0.948,0.667,0.317,0.038,0.235,2019,496
Montenegro,82,5.192,0.97438,0.72521,0.1826,0.14296,0.1614,2015,499
Montenegro,88,5.161,1.07838,0.63533,0.15111,0.12721,0.17191,2016,499
Montenegro,83,5.236999989,1.121129036,0.667464674,0.194989055,0.088174194,0.197911024,2017,499
Montenegro,81,5.347,1.017,0.729,0.259,0.081,0.111,2018,499
Montenegro,73,5.523,1.051,0.871,0.197,0.08,0.142,2019,499
Montserrat (United Kingdom),,,,,,,,2015,500
Montserrat (United Kingdom),,,,,,,,2016,500
Montserrat (United Kingdom),,,,,,,,2017,500
Montserrat (United Kingdom),,,,,,,,2018,500
Montserrat (United Kingdom),,,,,,,,2019,500
Morocco,92,5.013,0.73479,0.60954,0.41691,0.08546,0.07172,2015,504
Morocco,90,5.151,0.84058,0.59471,0.25646,0.08404,0.04053,2016,504
Morocco,84,5.235000134,0.878114581,0.597710669,0.408158332,0.087763183,0.032209955,2017,504
Morocco,85,5.254,0.779,0.669,0.46,0.074,0.026,2018,504
Morocco,89,5.208,0.801,0.782,0.418,0.076,0.036,2019,504
Mozambique,94,4.971,0.08308,0.09131,0.34037,0.15603,0.22269,2015,508
Mozambique,,,,,,,,2016,508
Mozambique,113,4.550000191,0.23430565,0.106654435,0.480791092,0.179436386,0.322228104,2017,508
Mozambique,123,4.417,0.198,0.173,0.531,0.158,0.206,2018,508
Mozambique,123,4.466,0.204,0.39,0.494,0.138,0.197,2019,508
Myanmar,129,4.307,0.27108,0.48246,0.44017,0.19034,0.79588,2015,104
Myanmar,119,4.395,0.34112,0.3988,0.42692,0.20243,0.81971,2016,104
Myanmar,114,4.545000076,0.36711055,0.397522569,0.514492035,0.188816205,0.838075161,2017,104
Myanmar,130,4.308,0.682,0.429,0.58,0.178,0.598,2018,104
Myanmar,131,4.36,0.71,0.555,0.525,0.172,0.566,2019,104
Namibia,,,,,,,,2015,516
Namibia,113,4.574,0.93287,0.34745,0.48614,0.10398,0.07795,2016,516
Namibia,111,4.573999882,0.964434326,0.338611811,0.520303547,0.093146972,0.077133745,2017,516
Namibia,119,4.441,0.874,0.365,0.519,0.064,0.051,2018,516
Namibia,113,4.639,0.879,0.477,0.401,0.056,0.07,2019,516
Nauru,,,,,,,,2015,520
Nauru,,,,,,,,2016,520
Nauru,,,,,,,,2017,520
Nauru,,,,,,,,2018,520
Nauru,,,,,,,,2019,520
Nepal,121,4.514,0.35997,0.56874,0.38282,0.05907,0.32296,2015,524
Nepal,107,4.793,0.44626,0.50073,0.37012,0.07008,0.3816,2016,524
Nepal,99,4.961999893,0.479820192,0.504130781,0.440305948,0.072975546,0.394096166,2017,524
Nepal,101,4.88,0.425,0.539,0.526,0.078,0.302,2018,524
Nepal,100,4.913,0.446,0.677,0.439,0.089,0.285,2019,524
Netherlands[i],,,,,,,,2015,528
Netherlands[i],,,,,,,,2016,528
Netherlands[i],,,,,,,,2017,528
Netherlands[i],,,,,,,,2018,528
Netherlands[i],,,,,,,,2019,528
New Caledonia (France),,,,,,,,2015,540
New Caledonia (France),,,,,,,,2016,540
New Caledonia (France),,,,,,,,2017,540
New Caledonia (France),,,,,,,,2018,540
New Caledonia (France),,,,,,,,2019,540
New Zealand,9,7.286,1.25018,0.90837,0.63938,0.42922,0.47501,2015,554
New Zealand,8,7.334,1.36066,0.83096,0.58147,0.41904,0.49401,2016,554
New Zealand,8,7.31400013,1.405706048,0.816759706,0.61406213,0.382816702,0.500005126,2017,554
New Zealand,8,7.324,1.268,0.876,0.669,0.389,0.365,2018,554
New Zealand,8,7.307,1.303,1.026,0.585,0.38,0.33,2019,554
Nicaragua,57,5.828,0.59325,0.74314,0.55475,0.19317,0.27815,2015,558
Nicaragua,48,5.992,0.69384,0.65213,0.46582,0.16292,0.29773,2016,558
Nicaragua,43,6.071000099,0.737299204,0.653095961,0.447551847,0.130687982,0.301674217,2017,558
Nicaragua,41,6.141,0.668,0.7,0.527,0.128,0.208,2018,558
Nicaragua,45,6.105,0.694,0.835,0.435,0.127,0.2,2019,558
Niger,144,3.845,0.0694,0.29707,0.47692,0.15639,0.19387,2015,562
Niger,142,3.856,0.1327,0.26162,0.38041,0.17176,0.2097,2016,562
Niger,135,4.027999878,0.161925331,0.268505007,0.363658696,0.138572946,0.228673846,2017,562
Niger,134,4.166,0.131,0.221,0.39,0.099,0.175,2018,562
Niger,114,4.628,0.138,0.366,0.318,0.102,0.188,2019,562
Nigeria,78,5.268,0.65435,0.16007,0.34334,0.0403,0.27233,2015,566
Nigeria,103,4.875,0.75216,0.05108,0.27854,0.0305,0.23219,2016,566
Nigeria,95,5.073999882,0.783756256,0.05691573,0.394952565,0.026121566,0.230947196,2017,566
Nigeria,91,5.155,0.689,0.048,0.462,0.032,0.201,2018,566
Nigeria,85,5.265,0.696,0.245,0.426,0.041,0.215,2019,566
North Korea,,,,,,,,2015,408
North Korea,,,,,,,,2016,408
North Korea,,,,,,,,2017,408
North Korea,,,,,,,,2018,408
North Korea,,,,,,,,2019,408
North Macedonia,,,,,,,,2015,807
North Macedonia,,,,,,,,2016,807
North Macedonia,,,,,,,,2017,807
North Macedonia,,,,,,,,2018,807
North Macedonia,84,5.274,0.983,0.838,0.345,0.034,0.185,2019,807
Norway[o],,,,,,,,2015,578
Norway[o],,,,,,,,2016,578
Norway[o],,,,,,,,2017,578
Norway[o],,,,,,,,2018,578
Norway[o],,,,,,,,2019,578
Oman,22,6.853,1.36011,0.76276,0.63274,0.32524,0.21542,2015,512
Oman,,,,,,,,2016,512
Oman,,,,,,,,2017,512
Oman,,,,,,,,2018,512
Oman,,,,,,,,2019,512
Pakistan,81,5.194,0.59543,0.51466,0.12102,0.10464,0.33671,2015,586
Pakistan,92,5.132,0.68816,0.40306,0.14622,0.1388,0.31185,2016,586
Pakistan,80,5.269000053,0.726883531,0.402047783,0.235215262,0.124348067,0.315446019,2017,586
Pakistan,75,5.472,0.652,0.424,0.334,0.113,0.216,2018,586
Pakistan,67,5.653,0.677,0.535,0.313,0.098,0.22,2019,586
Palau,,,,,,,,2015,585
Palau,,,,,,,,2016,585
Palau,,,,,,,,2017,585
Palau,,,,,,,,2018,585
Palau,,,,,,,,2019,585
Palestine[p],,,,,,,,2015,275
Palestine[p],,,,,,,,2016,275
Palestine[p],,,,,,,,2017,275
Palestine[p],,,,,,,,2018,275
Palestine[p],,,,,,,,2019,275
Panama,25,6.786,1.06353,0.79661,0.5421,0.0927,0.24434,2015,591
Panama,25,6.701,1.18306,0.70835,0.48927,0.08423,0.2418,2016,591
Panama,30,6.452000141,1.233748436,0.706156135,0.550026834,0.070983924,0.210556939,2017,591
Panama,27,6.43,1.112,0.759,0.597,0.063,0.125,2018,591
Panama,31,6.321,1.149,0.91,0.516,0.054,0.109,2019,591
Papua New Guinea,,,,,,,,2015,598
Papua New Guinea,,,,,,,,2016,598
Papua New Guinea,,,,,,,,2017,598
Papua New Guinea,,,,,,,,2018,598
Papua New Guinea,,,,,,,,2019,598
Paraguay,53,5.878,0.75985,0.66098,0.53899,0.08242,0.3424,2015,600
Paraguay,70,5.538,0.89373,0.58295,0.46235,0.07396,0.25296,2016,600
Paraguay,70,5.493000031,0.932537317,0.579250693,0.473507792,0.091065913,0.224150658,2017,600
Paraguay,64,5.681,0.835,0.615,0.541,0.074,0.162,2018,600
Paraguay,63,5.743,0.855,0.777,0.514,0.08,0.184,2019,600
Peru,58,5.824,0.90019,0.73017,0.41496,0.05989,0.14982,2015,604
Peru,64,5.743,0.99602,0.62994,0.37502,0.05292,0.14527,2016,604
Peru,63,5.715000153,1.035225272,0.630166113,0.450002879,0.047049087,0.126819715,2017,604
Peru,65,5.663,0.934,0.674,0.53,0.034,0.092,2018,604
Peru,65,5.697,0.96,0.854,0.455,0.027,0.083,2019,604
Philippines,90,5.073,0.70532,0.58114,0.62545,0.12279,0.24991,2015,608
Philippines,82,5.279,0.81217,0.47036,0.54854,0.11757,0.21674,2016,608
Philippines,72,5.429999828,0.857699215,0.468009055,0.585214674,0.099331893,0.193513423,2017,608
Philippines,71,5.524,0.775,0.513,0.643,0.105,0.12,2018,608
Philippines,69,5.631,0.807,0.657,0.558,0.107,0.117,2019,608
Poland,60,5.791,1.12555,0.77903,0.53122,0.04212,0.16759,2015,616
Poland,57,5.835,1.24585,0.69058,0.4519,0.055,0.14443,2016,616
Poland,46,5.97300005,1.291787863,0.699475348,0.520342112,0.059307806,0.158465967,2017,616
Poland,42,6.123,1.176,0.781,0.546,0.064,0.108,2018,616
Poland,40,6.182,1.206,0.884,0.483,0.05,0.117,2019,616
Portugal[j],,,,,,,,2015,620
Portugal[j],,,,,,,,2016,620
Portugal[j],,,,,,,,2017,620
Portugal[j],,,,,,,,2018,620
Portugal[j],,,,,,,,2019,620
Puerto Rico (United States),,,,,,,,2015,630
Puerto Rico (United States),,,,,,,,2016,630
Puerto Rico (United States),,,,,,,,2017,630
Puerto Rico (United States),,,,,,,,2018,630
Puerto Rico (United States),,,,,,,,2019,630
Qatar,28,6.611,1.69042,0.79733,0.6404,0.52208,0.32573,2015,634
Qatar,36,6.375,1.82427,0.71723,0.56679,0.48049,0.32388,2016,634
Qatar,35,6.375,1.870765686,0.710098088,0.604130983,0.439299256,0.33047387,2017,634
Qatar,32,6.374,1.649,0.748,0.654,0.171,0.256,2018,634
Qatar,29,6.374,1.684,0.871,0.555,0.167,0.22,2019,634
Romania,86,5.124,1.04345,0.7689,0.35068,0.00649,0.13748,2015,642
Romania,71,5.528,1.1697,0.67602,0.36712,0.00679,0.12889,2016,642
Romania,57,5.824999809,1.217683911,0.685158312,0.457003742,0.004387901,0.133519918,2017,642
Romania,52,5.945,1.116,0.726,0.528,0.001,0.088,2018,642
Romania,48,6.07,1.162,0.825,0.462,0.005,0.083,2019,642
Russia,64,5.716,1.13764,0.66926,0.36679,0.03005,0.00199,2015,643
Russia,56,5.856,1.23228,0.58991,0.32682,0.03586,0.02736,2016,643
Russia,49,5.962999821,1.281778097,0.547349334,0.373783112,0.032962881,0.052263822,2017,643
Russia,59,5.81,1.151,0.599,0.399,0.025,0.065,2018,643
Russia,68,5.648,1.183,0.726,0.334,0.031,0.082,2019,643
Rwanda,154,3.465,0.22208,0.42864,0.59201,0.55191,0.22628,2015,646
Rwanda,152,3.515,0.32846,0.31865,0.5432,0.50521,0.23552,2016,646
Rwanda,151,3.470999956,0.368745893,0.326424807,0.581843853,0.455220014,0.252756029,2017,646
Rwanda,151,3.408,0.332,0.4,0.636,0.444,0.2,2018,646
Rwanda,152,3.334,0.359,0.614,0.555,0.411,0.217,2019,646
São Tomé and Príncipe,,,,,,,,2015,678
São Tomé and Príncipe,,,,,,,,2016,678
São Tomé and Príncipe,,,,,,,,2017,678
São Tomé and Príncipe,,,,,,,,2018,678
São Tomé and Príncipe,,,,,,,,2019,678
Saint Kitts and Nevis,,,,,,,,2015,659
Saint Kitts and Nevis,,,,,,,,2016,659
Saint Kitts and Nevis,,,,,,,,2017,659
Saint Kitts and Nevis,,,,,,,,2018,659
Saint Kitts and Nevis,,,,,,,,2019,659
Saint Lucia,,,,,,,,2015,662
Saint Lucia,,,,,,,,2016,662
Saint Lucia,,,,,,,,2017,662
Saint Lucia,,,,,,,,2018,662
Saint Lucia,,,,,,,,2019,662
Saint Pierre and Miquelon (France),,,,,,,,2015,666
Saint Pierre and Miquelon (France),,,,,,,,2016,666
Saint Pierre and Miquelon (France),,,,,,,,2017,666
Saint Pierre and Miquelon (France),,,,,,,,2018,666
Saint Pierre and Miquelon (France),,,,,,,,2019,666
San Marino,,,,,,,,2015,674
San Marino,,,,,,,,2016,674
San Marino,,,,,,,,2017,674
San Marino,,,,,,,,2018,674
San Marino,,,,,,,,2019,674
Saudi Arabia,35,6.411,1.39541,0.72025,0.31048,0.32524,0.13706,2015,682
Saudi Arabia,34,6.379,1.48953,0.59267,0.37904,0.30008,0.15457,2016,682
Saudi Arabia,37,6.343999863,1.530623555,0.59014833,0.449750572,0.273432255,0.147616014,2017,682
Saudi Arabia,33,6.371,1.379,0.633,0.509,0.127,0.098,2018,682
Saudi Arabia,28,6.375,1.403,0.795,0.439,0.132,0.08,2019,682
Senegal,142,3.904,0.36498,0.4354,0.36772,0.10713,0.20843,2015,686
Senegal,128,4.219,0.44314,0.40457,0.31056,0.11681,0.19103,2016,686
Senegal,115,4.534999847,0.479309022,0.409362853,0.377922267,0.115460448,0.183468893,2017,686
Senegal,109,4.631,0.429,0.433,0.406,0.082,0.138,2018,686
Senegal,111,4.681,0.45,0.571,0.292,0.072,0.153,2019,686
Serbia[l],,,,,,,,2015,688
Serbia[l],,,,,,,,2016,688
Serbia[l],,,,,,,,2017,688
Serbia[l],,,,,,,,2018,688
Serbia[l],,,,,,,,2019,688
Seychelles,,,,,,,,2015,690
Seychelles,,,,,,,,2016,690
Seychelles,,,,,,,,2017,690
Seychelles,,,,,,,,2018,690
Seychelles,,,,,,,,2019,690
Sierra Leone,123,4.507,0.33024,0,0.4084,0.08786,0.21488,2015,694
Sierra Leone,111,4.635,0.36485,0,0.30685,0.08196,0.23897,2016,694
Sierra Leone,106,4.709000111,0.368420929,0.005564754,0.318697691,0.071095176,0.293040901,2017,694
Sierra Leone,113,4.571,0.256,0,0.355,0.053,0.238,2018,694
Sierra Leone,129,4.374,0.268,0.242,0.309,0.045,0.252,2019,694
Singapore,24,6.798,1.52186,1.02525,0.54252,0.4921,0.31105,2015,702
Singapore,22,6.739,1.64555,0.94719,0.4877,0.46987,0.32706,2016,702
Singapore,26,6.572000027,1.69227767,0.949492395,0.549840569,0.464307785,0.345965981,2017,702
Singapore,34,6.343,1.529,1.008,0.631,0.457,0.261,2018,702
Singapore,34,6.262,1.572,1.141,0.556,0.453,0.271,2019,702
Sint Maarten (Netherlands),,,,,,,,2015,534
Sint Maarten (Netherlands),,,,,,,,2016,534
Sint Maarten (Netherlands),,,,,,,,2017,534
Sint Maarten (Netherlands),,,,,,,,2018,534
Sint Maarten (Netherlands),,,,,,,,2019,534
Slovakia,45,5.995,1.16891,0.78902,0.31751,0.03431,0.16893,2015,703
Slovakia,45,6.078,1.27973,0.70367,0.23391,0.02947,0.13837,2016,703
Slovakia,40,6.09800005,1.325393558,0.712732911,0.295817465,0.024210852,0.136544481,2017,703
Slovakia,39,6.173,1.21,0.776,0.354,0.014,0.118,2018,703
Slovakia,38,6.198,1.246,0.881,0.334,0.014,0.121,2019,703
Slovenia,55,5.848,1.18498,0.87337,0.60855,0.03787,0.25328,2015,705
Slovenia,63,5.768,1.29947,0.79151,0.53164,0.03635,0.25738,2016,705
Slovenia,62,5.757999897,1.341205955,0.790828228,0.572575808,0.045128979,0.242649093,2017,705
Slovenia,51,5.948,1.219,0.856,0.633,0.051,0.16,2018,705
Slovenia,44,6.118,1.258,0.953,0.564,0.057,0.144,2019,705
Solomon Islands,,,,,,,,2015,90
Solomon Islands,,,,,,,,2016,90
Solomon Islands,,,,,,,,2017,90
Solomon Islands,,,,,,,,2018,90
Solomon Islands,,,,,,,,2019,90
Somalia,,,,,,,,2015,706
Somalia,76,5.44,0,0.11466,0.56778,0.3118,0.27225,2016,706
Somalia,93,5.151000023,0.022643184,0.113989137,0.602126956,0.282410324,0.291631311,2017,706
Somalia,98,4.982,0,0.115,0.674,0.282,0.238,2018,706
Somalia,112,4.668,0,0.268,0.559,0.27,0.243,2019,706
South Africa,113,4.642,0.92049,0.27688,0.33207,0.08884,0.11973,2015,710
South Africa,116,4.459,1.02416,0.18611,0.42483,0.08415,0.13656,2016,710
South Africa,101,4.828999996,1.054698706,0.18708007,0.479246736,0.072509497,0.13936238,2017,710
South Africa,105,4.724,0.94,0.33,0.516,0.056,0.103,2018,710
South Africa,106,4.722,0.96,0.469,0.389,0.055,0.13,2019,710
South Korea,47,5.984,1.24461,0.96538,0.33208,0.07857,0.18557,2015,410
South Korea,57,5.835,1.35948,0.88645,0.25168,0.07716,0.18824,2016,410
South Korea,55,5.837999821,1.401678443,0.900214076,0.257921666,0.063282669,0.206674367,2017,410
South Korea,57,5.875,1.266,0.955,0.244,0.051,0.175,2018,410
South Korea,54,5.895,1.301,1.036,0.159,0.056,0.175,2019,410
South Sudan,,,,,,,,2015,728
South Sudan,143,3.832,0.39394,0.15781,0.19662,0.13015,0.25899,2016,728
South Sudan,147,3.59100008,0.397248626,0.163486004,0.147062436,0.116793513,0.285670817,2017,728
South Sudan,154,3.254,0.337,0.177,0.112,0.106,0.224,2018,728
South Sudan,156,2.853,0.306,0.295,0.01,0.091,0.202,2019,728
Spain[d],,,,,,,,2015,724
Spain[d],,,,,,,,2016,724
Spain[d],,,,,,,,2017,724
Spain[d],,,,,,,,2018,724
Spain[d],,,,,,,,2019,724
Sri Lanka,132,4.271,0.83524,0.70806,0.53726,0.09179,0.40828,2015,144
Sri Lanka,117,4.415,0.97318,0.62007,0.50817,0.07964,0.46978,2016,144
Sri Lanka,120,4.440000057,1.009850144,0.625130832,0.561213255,0.073653966,0.490863562,2017,144
Sri Lanka,116,4.471,0.918,0.672,0.585,0.05,0.307,2018,144
Sri Lanka,130,4.366,0.949,0.831,0.47,0.047,0.244,2019,144
Sudan,118,4.55,0.52107,0.36878,0.10081,0.1466,0.19062,2015,729
Sudan,133,4.139,0.63069,0.29759,0,0.10039,0.18077,2016,729
Sudan,130,4.138999939,0.659516692,0.290920824,0.014995855,0.08984752,0.182317451,2017,729
Sudan,137,4.139,0.605,0.312,0.016,0.082,0.134,2018,729
Sudan,,,,,,,,2019,729
Suriname,40,6.269,0.99534,0.6082,0.59657,0.13633,0.16991,2015,740
Suriname,40,6.269,1.09686,0.50933,0.52234,0.12692,0.16665,2016,740
Suriname,,,,,,,,2017,740
Suriname,,,,,,,,2018,740
Suriname,,,,,,,,2019,740
Sweden,8,7.364,1.33171,0.91087,0.6598,0.43844,0.36262,2015,752
Sweden,10,7.291,1.45181,0.83121,0.58218,0.40867,0.38254,2016,752
Sweden,9,7.28399992,1.494387269,0.830875158,0.612924099,0.384398729,0.385399252,2017,752
Sweden,9,7.314,1.355,0.913,0.659,0.383,0.285,2018,752
Sweden,7,7.343,1.387,1.009,0.574,0.373,0.267,2019,752
Switzerland,1,7.587,1.39651,0.94143,0.66557,0.41978,0.29678,2015,756
Switzerland,2,7.509,1.52733,0.86303,0.58557,0.41203,0.28083,2016,756
Switzerland,4,7.493999958,1.564979553,0.858131289,0.620070577,0.367007285,0.290549278,2017,756
Switzerland,5,7.487,1.42,0.927,0.66,0.357,0.256,2018,756
Switzerland,6,7.48,1.452,1.052,0.572,0.343,0.263,2019,756
Syria,156,3.006,0.6632,0.72193,0.15684,0.18906,0.47179,2015,760
Syria,156,3.069,0.74719,0.62994,0.06912,0.17233,0.48397,2016,760
Syria,152,3.461999893,0.777153134,0.500533342,0.081539445,0.151347131,0.493663728,2017,760
Syria,150,3.462,0.689,0.539,0.088,0.144,0.376,2018,760
Syria,149,3.462,0.619,0.44,0.013,0.141,0.331,2019,760
Tajikistan,106,4.786,0.39047,0.57379,0.47216,0.15072,0.22974,2015,762
Tajikistan,100,4.996,0.48835,0.53119,0.43408,0.13509,0.25998,2016,762
Tajikistan,96,5.040999889,0.524713635,0.529235125,0.471566707,0.146377146,0.248997644,2017,762
Tajikistan,88,5.199,0.474,0.598,0.292,0.034,0.187,2018,762
Tajikistan,74,5.467,0.493,0.718,0.389,0.144,0.23,2019,762
Tanzania[c],,,,,,,,2015,834
Tanzania[c],,,,,,,,2016,834
Tanzania[c],,,,,,,,2017,834
Tanzania[c],,,,,,,,2018,834
Tanzania[c],,,,,,,,2019,834
Thailand,34,6.455,0.9669,0.7385,0.55664,0.03187,0.5763,2015,764
Thailand,33,6.474,1.0893,0.64915,0.49553,0.02833,0.58696,2016,764
Thailand,32,6.423999786,1.127868772,0.647239029,0.580200732,0.031612735,0.57212311,2017,764
Thailand,46,6.072,1.016,0.707,0.637,0.029,0.364,2018,764
Thailand,52,6.008,1.05,0.828,0.557,0.028,0.359,2019,764
Togo,158,2.839,0.20868,0.28443,0.36453,0.10731,0.16681,2015,768
Togo,155,3.303,0.28123,0.24811,0.34678,0.11587,0.17517,2016,768
Togo,150,3.494999886,0.305444717,0.247105569,0.380426139,0.095665015,0.196896151,2017,768
Togo,139,3.999,0.259,0.253,0.434,0.101,0.158,2018,768
Togo,139,4.085,0.275,0.41,0.293,0.085,0.177,2019,768
Tonga,,,,,,,,2015,776
Tonga,,,,,,,,2016,776
Tonga,,,,,,,,2017,776
Tonga,,,,,,,,2018,776
Tonga,,,,,,,,2019,776
Trinidad and Tobago,41,6.168,1.21183,0.61483,0.55884,0.0114,0.31844,2015,780
Trinidad and Tobago,43,6.168,1.32572,0.52608,0.48453,0.01241,0.31935,2016,780
Trinidad and Tobago,38,6.168000221,1.361355901,0.519983292,0.518630743,0.008964816,0.325296462,2017,780
Trinidad and Tobago,,,,,,,,2018,780
Trinidad and Tobago,,,,,,,,2019,780
Tunisia,107,4.739,0.88113,0.73793,0.26268,0.06358,0.06431,2015,788
Tunisia,98,5.045,0.97724,0.59577,0.23553,0.0817,0.03936,2016,788
Tunisia,102,4.804999828,1.007265806,0.613212049,0.28968069,0.086723149,0.049693357,2017,788
Tunisia,111,4.592,0.9,0.69,0.271,0.063,0.04,2018,788
Tunisia,124,4.461,0.921,0.815,0.167,0.055,0.059,2019,788
Turkey,76,5.332,1.06098,0.73172,0.22815,0.15746,0.12253,2015,792
Turkey,78,5.389,1.16492,0.64718,0.23889,0.12348,0.04707,2016,792
Turkey,69,5.5,1.198274374,0.637605608,0.3007406,0.09967158,0.046693042,2017,792
Turkey,74,5.483,1.148,0.686,0.324,0.109,0.106,2018,792
Turkey,79,5.373,1.183,0.808,0.195,0.106,0.083,2019,792
Turkmenistan,70,5.548,0.95847,0.53886,0.4761,0.30844,0.16979,2015,795
Turkmenistan,65,5.658,1.08017,0.44006,0.37408,0.28467,0.22567,2016,795
Turkmenistan,59,5.822000027,1.130776763,0.43772608,0.418271929,0.25927034,0.249924988,2017,795
Turkmenistan,68,5.636,1.016,0.517,0.417,0.037,0.199,2018,795
Turkmenistan,87,5.247,1.052,0.657,0.394,0.028,0.244,2019,795
Turks and Caicos Islands (United Kingdom),,,,,,,,2015,796
Turks and Caicos Islands (United Kingdom),,,,,,,,2016,796
Turks and Caicos Islands (United Kingdom),,,,,,,,2017,796
Turks and Caicos Islands (United Kingdom),,,,,,,,2018,796
Turks and Caicos Islands (United Kingdom),,,,,,,,2019,796
Tuvalu,,,,,,,,2015,798
Tuvalu,,,,,,,,2016,798
Tuvalu,,,,,,,,2017,798
Tuvalu,,,,,,,,2018,798
Tuvalu,,,,,,,,2019,798
Uganda,141,3.931,0.21102,0.33861,0.45727,0.07267,0.29066,2015,800
Uganda,145,3.739,0.34719,0.19625,0.43653,0.06442,0.27102,2016,800
Uganda,133,4.080999851,0.381430715,0.217632607,0.443185955,0.057069719,0.325766057,2017,800
Uganda,135,4.161,0.322,0.237,0.45,0.061,0.259,2018,800
Uganda,136,4.189,0.332,0.443,0.356,0.06,0.252,2019,800
Ukraine[e],,,,,,,,2015,804
Ukraine[e],,,,,,,,2016,804
Ukraine[e],,,,,,,,2017,804
Ukraine[e],,,,,,,,2018,804
Ukraine[e],,,,,,,,2019,804
United Arab Emirates,20,6.901,1.42727,0.80925,0.64157,0.38583,0.26428,2015,784
United Arab Emirates,28,6.573,1.57352,0.72993,0.56215,0.35561,0.26591,2016,784
United Arab Emirates,21,6.647999763,1.626343369,0.726798236,0.60834527,0.324489564,0.360941947,2017,784
United Arab Emirates,20,6.774,2.096,0.67,0.284,,0.186,2018,784
United Arab Emirates,21,6.825,1.503,0.825,0.598,0.182,0.262,2019,784
United Kingdom,21,6.867,1.26637,0.90943,0.59625,0.32067,0.51912,2015,826
United Kingdom,23,6.725,1.40283,0.80991,0.50036,0.27399,0.50156,2016,826
United Kingdom,19,6.714000225,1.44163394,0.805335939,0.508190036,0.265428066,0.492774159,2017,826
United Kingdom,11,7.19,1.244,0.888,0.464,0.082,0.262,2018,826
United Kingdom,15,7.054,1.333,0.996,0.45,0.278,0.348,2019,826
United States,15,7.119,1.39451,0.86179,0.54604,0.1589,0.40105,2015,840
United States,13,7.104,1.50796,0.779,0.48163,0.14868,0.41077,2016,840
United States,14,6.993000031,1.546259284,0.774286628,0.505740523,0.135638788,0.392578781,2017,840
United States,18,6.886,1.398,0.819,0.547,0.133,0.291,2018,840
United States,19,6.892,1.433,0.874,0.454,0.128,0.28,2019,840
Uruguay,32,6.485,1.06166,0.8116,0.60362,0.24558,0.2324,2015,858
Uruguay,29,6.545,1.18157,0.72183,0.54388,0.21394,0.18056,2016,858
Uruguay,28,6.453999996,1.217559695,0.719216824,0.579392254,0.178061873,0.175096929,2017,858
Uruguay,31,6.379,1.093,0.771,0.625,0.155,0.13,2018,858
Uruguay,33,6.293,1.124,0.891,0.523,0.15,0.127,2019,858
Uzbekistan,44,6.003,0.63244,0.59772,0.65821,0.30826,0.22837,2015,860
Uzbekistan,49,5.987,0.73591,0.50163,0.60848,0.28333,0.34326,2016,860
Uzbekistan,47,5.971000195,0.786441088,0.498272628,0.658248663,0.246528223,0.415983647,2017,860
Uzbekistan,44,6.096,0.719,0.605,0.724,0.259,0.328,2018,860
Uzbekistan,41,6.174,0.745,0.756,0.631,0.24,0.322,2019,860
Vanuatu,,,,,,,,2015,548
Vanuatu,,,,,,,,2016,548
Vanuatu,,,,,,,,2017,548
Vanuatu,,,,,,,,2018,548
Vanuatu,,,,,,,,2019,548
Venezuela,23,6.81,1.04424,0.72052,0.42908,0.11069,0.05841,2015,862
Venezuela,44,6.084,1.13367,0.61904,0.19847,0.08304,0.0425,2016,862
Venezuela,82,5.25,1.128431201,0.617144227,0.153997123,0.064491123,0.06501963,2017,862
Venezuela,102,4.806,0.996,0.657,0.133,0.052,0.056,2018,862
Venezuela,108,4.707,0.96,0.805,0.154,0.047,0.064,2019,862
Vietnam,75,5.36,0.63216,0.74676,0.59444,0.10441,0.1686,2015,704
Vietnam,96,5.061,0.74037,0.66157,0.55954,0.11556,0.25075,2016,704
Vietnam,94,5.073999882,0.788547575,0.652168989,0.571055591,0.087633237,0.234968051,2017,704
Vietnam,95,5.103,0.715,0.702,0.618,0.079,0.177,2018,704
Vietnam,94,5.175,0.741,0.851,0.543,0.073,0.147,2019,704
Yemen,136,4.077,0.54649,0.40064,0.35571,0.07854,0.09131,2015,887
Yemen,147,3.724,0.57939,0.31048,0.2287,0.05892,0.09821,2016,887
Yemen,146,3.592999935,0.591683447,0.310080916,0.249463722,0.056767423,0.104125209,2017,887
Yemen,152,3.355,0.442,0.343,0.244,0.064,0.083,2018,887
Yemen,151,3.38,0.287,0.463,0.143,0.077,0.108,2019,887
Zambia,85,5.129,0.47038,0.29924,0.48827,0.12468,0.19591,2015,894
Zambia,106,4.795,0.61202,0.23573,0.42662,0.11479,0.17866,2016,894
Zambia,116,4.513999939,0.636406779,0.257835895,0.461603492,0.07821355,0.249580145,2017,894
Zambia,125,4.377,0.562,0.295,0.503,0.082,0.221,2018,894
Zambia,138,4.107,0.578,0.426,0.431,0.087,0.247,2019,894
Zimbabwe,115,4.61,0.271,0.33475,0.25861,0.08079,0.18987,2015,716
Zimbabwe,131,4.193,0.35041,0.1595,0.25429,0.08582,0.18503,2016,716
Zimbabwe,138,3.875,0.375846535,0.196763754,0.336384207,0.095375381,0.189143494,2017,716
Zimbabwe,144,3.692,0.357,0.248,0.406,0.099,0.132,2018,716
Zimbabwe,146,3.663,0.366,0.433,0.361,0.089,0.151,2019,716
